article1,article2,similarity
158.txt,161.txt,1.0000000000000004
087.txt,088.txt,1.0000000000000002
003.txt,210.txt,1.0
163.txt,164.txt,1.0
018.txt,027.txt,0.9990066171425469
189.txt,205.txt,0.9075967054445951
002.txt,262.txt,0.7975719747559035
132.txt,138.txt,0.7764248010560413
018.txt,024.txt,0.6649859282620224
024.txt,027.txt,0.6639267171835687
